MovieId,Name
0,"The Last Command"
1,"The Way Of All Flesh"
2,"The Noose"
3,"The Patent Leather Kid"
4,"7Th Heaven"
5,"Street Angel"
6,"Sunrise"
7,"A Ship Comes In"
8,"Sadie Thompson"
9,"The Dove"
10,"Tempest"
11,"The Devil Dancer"
12,"The Magic Flame"
13,"Two Arabian Knights"
14,"Speedy"
15,"Sorrell And Son"
16,"The Crowd"
17,"Wings"
18,""
19,"The Racket"
20,"Chang"
21,"The Jazz Singer"
22,"Glorious Betsy"
23,"Underworld"
24,"The Private Life Of Helen Of Troy"
25,"In Old Arizona"
26,"Thunderbolt"
27,"Alibi"
28,"The Valiant"
29,"The Patriot"
30,"Coquette"
31,"Madame X"
32,"The Barker"
33,"The Letter"
34,"The Divine Lady"
35,"The Broadway Melody"
36,"The Bridge Of San Luis Rey"
37,"Dynamite"
38,"The Awakening"
39,"Street Angel"
40,"White Shadows In The South Seas"
41,"Our Dancing Daughters"
42,"Four Devils"
43,"Drag"
44,"Weary River"
45,"Hollywood Revue"
46,"The Leatherneck"
47,"Sal Of Singapore"
48,"Skyscraper"
49,"The Cop"
50,"The Last Of Mrs. Cheyney"
51,"Wonder Of Women"
52,"A Woman Of Affairs"
53,"Disraeli"
54,"The Green Goddess"
55,"The Big House"
56,"The Big Pond"
57,"The Love Parade"
58,"Bulldog Drummond"
59,"Condemned"
60,"The Rogue Song"
61,"The Divorcee"
62,"The Devil's Holiday"
63,"Sarah And Son"
64,"Anna Christie"
65,"Romance"
66,"Their Own Desire"
67,"The Trespasser"
68,"King Of Jazz"
69,"Sally"
70,"The Vagabond King"
71,"With Byrd At The South Pole"
72,"All Quiet On The Western Front"
73,"Hell's Angels"
74,"Hallelujah"
75,"The Case Of Sergeant Grischa"
76,"Raffles"
77,"Song Of The Flame"
78,"Street Of Chance"
79,"A Free Soul"
80,"Skippy"
81,"Cimarron"
82,"The Royal Family Of Broadway"
83,"The Front Page"
84,"Min And Bill"
85,"Morocco"
86,"Holiday"
87,"Just Imagine"
88,"Svengali"
89,"Whoopee!"
90,"Tabu"
91,"The Right To Love"
92,"East Lynne"
93,"Trader Horn"
94,""
95,"The Criminal Code"
96,"Little Caesar"
97,"The Dawn Patrol"
98,"The Doorway To Hell"
99,"Laughter"
100,"The Public Enemy"
101,"Smart Money"
102,"The Champ"
103,"Dr. Jekyll And Mr. Hyde"
104,"The Guardsman"
105,"The Sin Of Madelon Claudet"
106,"Emma"
107,"Transatlantic"
108,""
109,"Arrowsmith"
110,"Shanghai Express"
111,"Bad Girl"
112,"Grand Hotel"
113,"Five Star Final"
114,"One Hour With You"
115,"The Smiling Lieutenant"
116,"Flowers And Trees"
117,"It's Got Me Again"
118,"Mickey's Orphans"
119,"The Music Box"
120,"The Loud Mouth"
121,"Scratch-As-Catch-Can"
122,"Wrestling Swordfish"
123,"Screen Souvenirs"
124,"Swing High"
125,"Lady And Gent"
126,"The Star Witness"
127,"What Price Hollywood?"
128,"The Private Life Of Henry Viii"
129,"Berkeley Square"
130,"I Am A Fugitive From A Chain Gang"
131,"Morning Glory"
132,"Lady For A Day"
133,"Cavalcade"
134,"A Farewell To Arms"
135,"When Ladies Meet"
136,""
137,"Reunion In Vienna"
138,"The Sign Of The Cross"
139,"Little Women"
140,"42Nd Street"
141,"She Done Him Wrong"
142,"Smilin' Through"
143,"State Fair"
144,"The Three Little Pigs"
145,"Building A Building"
146,"The Merry Old Soul"
147,"So This Is Harris"
148,"Mister Mugg"
149,"A Preferred List"
150,"Krakatoa"
151,"Menu"
152,"The Sea"
153,"Gold Diggers Of 1933"
154,"One Way Passage"
155,"The Prizefighter And The Lady"
156,"Rasputin And The Empress"
157,"It Happened One Night"
158,"The Affairs Of Cellini"
159,"The Thin Man"
160,"Of Human Bondage"
161,"One Night Of Love"
162,"The Barretts Of Wimpole Street"
163,"The Merry Widow"
164,"The Gay Divorcee"
165,"Viva Villa!"
166,"Cleopatra"
167,"Imitation Of Life"
168,"Operator 13"
169,"Eskimo"
170,"The Lost Patrol"
171,"Flying Down To Rio"
172,"She Loves Me Not"
173,"Flirtation Walk"
174,"Here Comes The Navy"
175,"The House Of Rothschild"
176,"The White Parade"
177,"The Tortoise And The Hare"
178,"Holiday Land"
179,"Jolly Little Elves"
180,"La Cucaracha"
181,"Men In Black"
182,"What, No Men!"
183,"City Of Wax"
184,"Bosom Friends"
185,"Strikes And Spares"
186,"Manhattan Melodrama"
187,"Hide-Out"
188,"The Richest Girl In The World"
189,"The Informer"
190,"Mutiny On The Bounty"
191,"Black Fury"
192,"Dangerous"
193,"Escape Me Never"
194,"Private Worlds"
195,"Alice Adams"
196,"Becky Sharp"
197,"The Dark Angel"
198,"The Lives Of A Bengal Lancer"
199,"Top Hat"
200,"David Copperfield"
201,"Les Miserables"
202,"A Midsummer Night's Dream"
203,"Barbary Coast"
204,"The Crusades"
205,"Broadway Melody Of 1936"
206,"Folies Bergere"
207,"Gold Diggers Of 1935"
208,"Go Into Your Dance"
209,"Broadway Hostess"
210,"King Of Burlesque"
211,"Big Broadcast Of 1936"
212,"All The King's Horses"
213,"She"
214,"Captain Blood"
215,"Peter Ibbetson"
216,"Roberta"
217,"Naughty Marietta"
218,"Ruggles Of Red Gap"
219,"Three Orphan Kittens"
220,"The Calico Dragon"
221,"Who Killed Cock Robin?"
222,"How To Sleep"
223,"Oh, My Nerves"
224,"Tit For Tat"
225,"Wings Over Mt. Everest"
226,"Audioscopiks"
227,"Camera Thrills"
228,"Bride Of Frankenstein"
229,"I Dream Too Much"
230,"Love Me Forever"
231,"$1,000 A Minute"
232,"Thanks A Million"
233,"The Scoundrel"
234,"G-Men"
235,"The Gay Deception"
236,"The Story Of Louis Pasteur"
237,"Mr. Deeds Goes To Town"
238,"Dodsworth"
239,"My Man Godfrey"
240,"San Francisco"
241,"Come And Get It"
242,"Pigskin Parade"
243,"Romeo And Juliet"
244,"The General Died At Dawn"
245,"The Great Ziegfeld"
246,"Theodora Goes Wild"
247,"Valiant Is The Word For Carrie"
248,"Anthony Adverse"
249,"The Gorgeous Hussy"
250,"These Three"
251,"Lloyds Of London"
252,"The Magnificent Brute"
253,"Winterset"
254,"The Charge Of The Light Brigade"
255,"The Garden Of Allah"
256,"The Last Of The Mohicans"
257,"Gold Diggers Of 1937"
258,"Cain And Mabel"
259,"Born To Dance"
260,"One In A Million"
261,"Dancing Pirate"
262,"Swing Time"
263,"A Tale Of Two Cities"
264,"Suzy"
265,"Trail Of The Lonesome Pine"
266,"Pennies From Heaven"
267,"Sing, Baby, Sing"
268,"Libeled Lady"
269,"Three Smart Girls"
270,"The Country Cousin"
271,"Old Mill Pond"
272,"Sinbad The Sailor"
273,"Give Me Liberty"
274,"La Fiesta De Santa Barbara"
275,"Popular Science J-6-2"
276,"Bored Of Education"
277,"Moscow Moods"
278,"Wanted, A Master"
279,"The Public Pays"
280,"Double Or Nothing"
281,"Dummy Ache"
282,"Banjo On My Knee"
283,"General Spanky"
284,"The Texas Rangers"
285,"That Girl From Paris"
286,"Fury"
287,"After The Thin Man"
288,"Captains Courageous"
289,"Conquest"
290,"A Star Is Born"
291,"Night Must Fall"
292,"The Life Of Emile Zola"
293,"The Awful Truth"
294,"The Hurricane"
295,"Lost Horizon"
296,"Topper"
297,"The Good Earth"
298,"Camille"
299,"Stella Dallas"
300,"In Old Chicago"
301,"Stage Door"
302,"Dead End"
303,"A Damsel In Distress"
304,"Every Day's A Holiday"
305,"Manhattan Merry-Go-Round"
306,"The Prisoner Of Zenda"
307,"Souls At Sea"
308,"Walter Wanger's Vogues Of 1938"
309,"Wee Willie Winkie"
310,"You're A Sweetheart"
311,"Wings Over Honolulu"
312,"Varsity Show"
313,"Ready, Willing And Able"
314,"A Day At The Races"
315,"Ali Baba Goes To Town"
316,"Thin Ice"
317,"Waikiki Wedding"
318,"One Hundred Men And A Girl"
319,"Make A Wish"
320,"Maytime"
321,"Portia On Trial"
322,"Quality Street"
323,"Snow White And The Seven Dwarfs"
324,"Something To Sing About"
325,"Way Out West"
326,"Mr. Dodd Takes The Air"
327,"Shall We Dance"
328,"Artists And Models"
329,"The Old Mill"
330,"Educated Fish"
331,"The Little Match Girl"
332,"Penny Wisdom"
333,"The Man Without A Country"
334,"Popular Science J-7-1"
335,"The Private Life Of The Gannets"
336,"A Night At The Movies"
337,"Romance Of Radium"
338,"Torture Money"
339,"Deep South"
340,"Should Wives Work?"
341,"The Girl Said No"
342,"Hitting A New High"
343,"Wells Fargo"
344,"Black Legion"
345,"Boys Town"
346,"Algiers"
347,"Angels With Dirty Faces"
348,"The Citadel"
349,"Pygmalion"
350,"Kentucky"
351,"Four Daughters"
352,"Marie Antoinette"
353,"If I Were King"
354,"Jezebel"
355,"White Banners"
356,"Three Comrades"
357,"Of Human Hearts"
358,"Merrily We Live"
359,"You Can't Take It With You"
360,"The Great Waltz"
361,"The Adventures Of Robin Hood"
362,"The Adventures Of Tom Sawyer"
363,"Alexander's Ragtime Band"
364,"Carefree"
365,"The Goldwyn Follies"
366,"Holiday"
367,"Mad About Music"
368,"Army Girl"
369,"The Buccaneer"
370,"Suez"
371,"Vivacious Lady"
372,"The Young In Heart"
373,"Test Pilot"
374,""
375,"Block-Heads"
376,"Blockade"
377,"Breaking The Ice"
378,"The Cowboy And The Lady"
379,"Pacific Liner"
380,"Girls' School"
381,"Storm Over Bengal"
382,"Sweethearts"
383,"There Goes My Heart"
384,"Tropic Holiday"
385,"The Big Broadcast Of 1938"
386,"Mannequin"
387,"Under Western Stars"
388,"Going Places"
389,"The Lady Objects"
390,"That Certain Age"
391,"Grand Illusion"
392,"Ferdinand The Bull"
393,"Brave Little Tailor"
394,"Good Scouts"
395,"Hunky And Spunky"
396,"Mother Goose Goes Hollywood"
397,"That Mothers Might Live"
398,"The Great Heart"
399,"Timber Toppers"
400,"Declaration Of Independence"
401,"Swingtime In The Movies"
402,"They're Always Caught"
403,"Goodbye"
404,"Mr. Chips"
405,"Gone With The Wind"
406,"Wuthering Heights"
407,"Babes In Arms"
408,"Mr. Smith Goes To Washington"
409,"Stagecoach"
410,"Juarez"
411,"Beau Geste"
412,"Dark Victory"
413,"Love Affair"
414,"Ninotchka"
415,"Drums Along The Mohawk"
416,"Captain Fury"
417,"First Love"
418,"Man Of Conquest"
419,"The Private Lives Of Elizabeth And Essex"
420,"The Rains Came"
421,"The Wizard Of Oz"
422,"Goodbye, Mr. Chips"
423,"Eternally Yours"
424,"Golden Boy"
425,"Gulliver's Travels"
426,"The Man In The Iron Mask"
427,"Nurse Edith Cavell"
428,"Of Mice And Men"
429,"The Great Victor Herbert"
430,"The Hunchback Of Notre Dame"
431,"Intermezzo"
432,"She Married A Cop"
433,"Swanee River"
434,"They Shall Have Music"
435,"Way Down South"
436,"Second Fiddle"
437,"The Ugly Duckling"
438,"Detouring America"
439,"Peace On Earth"
440,"The Pointer"
441,"Busy Little Bears"
442,"Information Please"
443,"Prophet Without Honor"
444,"Sword Fishing"
445,"Sons Of Liberty"
446,"Drunk Driving"
447,"Five Times Five"
448,"When Tomorrow Comes"
449,"Balalaika"
450,"Only Angels Have Wings"
451,"Topper Takes A Trip"
452,"Union Pacific"
453,"Bachelor Mother"
454,"Young Mr. Lincoln"
455,"The Philadelphia Story"
456,"The Great Dictator"
457,"The Grapes Of Wrath"
458,"Abe Lincoln In Illinois"
459,"Rebecca"
460,"The Westerner"
461,"Foreign Correspondent"
462,"They Knew What They Wanted"
463,"The Letter"
464,"Kitty Foyle"
465,"Our Town"
466,"All This"
467,"And Heaven Too"
468,"Primrose Path"
469,"Pride And Prejudice"
470,"Arise, My Love"
471,"Arizona"
472,"The Boys From Syracuse"
473,"The Dark Command"
474,"Lillian Russell"
475,"My Favorite Wife"
476,"My Son, My Son!"
477,"The Sea Hawk"
478,"The Thief Of Bagdad"
479,"Bitter Sweet"
480,"Down Argentine Way"
481,"North West Mounted Police"
482,"All This, And Heaven Too"
483,"Boom Town"
484,"The Long Voyage Home"
485,"Spring Parade"
486,"Waterloo Bridge"
487,"The Blue Bird"
488,"Northwest Passage"
489,"Pinocchio"
490,"The Fight For Life"
491,"The House Of The Seven Gables"
492,"The Howards Of Virginia"
493,"The Mark Of Zorro"
494,"One Million B.C."
495,"Tin Pan Alley"
496,"Hit Parade Of 1941"
497,"Irene"
498,"Second Chorus"
499,"Strike Up The Band"
500,"You'll Find Out"
501,"Music In My Heart"
502,"Rhythm On The River"
503,"The Milky Way"
504,"Puss Gets The Boot"
505,"A Wild Hare"
506,"Quicker 'N A Wink"
507,"London Can Take It"
508,"More About Nostradamus"
509,"Siege"
510,"Teddy, The Rough Rider"
511,"Eyes Of The Navy"
512,"Service With The Colors"
513,"Behind The News"
514,"Captain Caution"
515,"Too Many Husbands"
516,"Dr. Cyclops"
517,"The Invisible Man Returns"
518,"Swiss Family Robinson"
519,"Typhoon"
520,"Women In War"
521,"The Great Mcginty"
522,"Angels Over Broadway"
523,"Dr. Ehrlich's Magic Bullet"
524,"Comrade X"
525,"Edison, The Man"
526,"Sergeant York"
527,"Penny Serenade"
528,"All That Money Can Buy"
529,"Here Comes Mr. Jordan"
530,"Citizen Kane"
531,"How Green Was My Valley"
532,"The Devil And Miss Jones"
533,"The Maltese Falcon"
534,"Suspicion"
535,"The Little Foxes"
536,"Hold Back The Dawn"
537,"Blossoms In The Dust"
538,"Ball Of Fire"
539,"The Great Lie"
540,"The Flame Of New Orleans"
541,"Ladies In Retirement"
542,"The Son Of Monte Cristo"
543,"Sundown"
544,"That Hamilton Woman"
545,"When Ladies Meet"
546,"Blood And Sand"
547,"Louisiana Purchase"
548,"The Chocolate Soldier"
549,"Dr. Jekyll And Mr. Hyde"
550,"Sun Valley Serenade"
551,"Aloma Of The South Seas"
552,"Billy The Kid"
553,"Dive Bomber"
554,"Churchill's Island"
555,"Adventure In The Bronx"
556,"Bomber"
557,"Christmas Under Fire"
558,"Letter From Home"
559,"Life Of A Thoroughbred"
560,"Norway In Revolt"
561,"A Place To Live"
562,"Russian Soil"
563,"Soldiers Of The Sky"
564,"War Clouds In The Pacific"
565,"Back Street"
566,"Cheers For Miss Bishop"
567,"King Of The Zombies"
568,"Lydia"
569,"Mercy Island"
570,"So Ends Our Night"
571,"Tanks A Million"
572,"That Uncertain Feeling"
573,"This Woman Is Mine"
574,"Dumbo"
575,"All-American Co-Ed"
576,"Birth Of The Blues"
577,"Buck Privates"
578,"Ice-Capades"
579,"The Strawberry Blonde"
580,"Sunny"
581,"You'll Never Get Rich"
582,"Lady Be Good"
583,"Ridin' On A Rainbow"
584,"Blues In The Night"
585,"Las Vegas Nights"
586,"One Foot In Heaven"
587,"Lend A Paw"
588,"Boogie Woogie Bugle Boy Of Company B"
589,"Hiawatha's Rabbit Hunt"
590,"How War Came"
591,"The Night Before Christmas"
592,"Rhapsody In Rivets"
593,"Rhythm In The Ranks"
594,"The Rookie Bear"
595,"Superman"
596,"Truant Officer Donald"
597,"Of Pups And Puzzles"
598,"Army Champions"
599,"Beauty And The Beach"
600,"Down On The Farm"
601,"Forty Boys And A Song"
602,"Kings Of The Turf"
603,"Sagebrush And Silver"
604,"Main Street On The March!"
605,"Alive In The Deep"
606,"Forbidden Passage"
607,"The Gay Parisian"
608,"The Tanks Are Coming"
609,"Appointment For Love"
610,"The Devil Pays Off"
611,"The Men In Her Life"
612,"Skylark"
613,"Topper Returns"
614,"I Wanted Wings"
615,"Flight Command"
616,"The Invisible Woman"
617,"The Sea Wolf"
618,"A Yank In The R.A.F."
619,"Tall, Dark And Handsome"
620,"Tom, Dick And Harry"
621,"The Lady Eve"
622,"Meet John Doe"
623,"Night Train"
624,"Yankee Doodle Dandy"
625,"Random Harvest"
626,"The Pride Of The Yankees"
627,"Mrs. Miniver"
628,"The Pied Piper"
629,"Johnny Eager"
630,"Wake Island"
631,"Tortilla Flat"
632,"Now"
633,"Voyager"
634,"Woman Of The Year"
635,"My Sister Eileen"
636,"The Magnificent Ambersons"
637,"This Above All"
638,"George Washington Slept Here"
639,"The Shanghai Gesture"
640,"Silver Queen"
641,"The Spoilers"
642,"Take A Letter, Darling"
643,"The Talk Of The Town"
644,"My Gal Sal"
645,"Arabian Nights"
646,"Captains Of The Clouds"
647,"Jungle Book"
648,"Reap The Wild Wind"
649,"Kings Row"
650,"Moontide"
651,"Ten Gentlemen From West Point"
652,"The Black Swan"
653,"To The Shores Of Tripoli"
654,"The Battle Of Midway"
655,"Kokoda Front Line!"
656,"Moscow Strikes Back"
657,"Prelude To War"
658,"Africa, Prelude To Victory"
659,"Combat Report"
660,"Conquer By The Clock"
661,"The Grain That Built A Hemisphere"
662,"Henry Browne, Farmer"
663,"High Over The Borders"
664,"High Stakes In The East"
665,"Inside Fighting China"
666,"It's Everybody's War"
667,"Listen To Britain"
668,"Little Belgium"
669,"Little Isles Of Freedom"
670,"Mr. Blabbermouth!"
671,"Mr. Gardenia Jones"
672,"The New Spirit"
673,"The Price Of Victory"
674,"A Ship Is Born"
675,"Twenty-One Miles"
676,"We Refuse To Die"
677,"White Eagle"
678,"Winning Your Wings"
679,"Now, Voyager"
680,"Bambi"
681,"The Corsican Brothers"
682,"Flying Tigers"
683,"The Gold Rush"
684,"I Married A Witch"
685,"Joan Of Paris"
686,"Klondike Fury"
687,"To Be Or Not To Be"
688,"Flying With Music"
689,"For Me And My Gal"
690,"Holiday Inn"
691,"It Started With Eve"
692,"Johnny Doughboy"
693,"You Were Never Lovelier"
694,"Always In My Heart"
695,"Babes On Broadway"
696,"Youth On Parade"
697,"Orchestra Wives"
698,"Hellzapoppin'"
699,"The Mayor Of 44Th Street"
700,"The Invaders"
701,"Der Fuehrer's Face"
702,"All Out For |V|"
703,"Blitz Wolf"
704,"Juke Box Jamboree"
705,"Pigs In A Polka"
706,"Tulips Shall Grow"
707,"Speaking Of Animals And Their Families"
708,"Desert Wonderland"
709,"Marines In The Making"
710,"United States Marine Band"
711,"Beyond The Line Of Duty"
712,"Don't Talk"
713,"Private Smith Of The U.S.A."
714,"Friendly Enemies"
715,"Once Upon A Honeymoon"
716,"Road To Morocco"
717,"Desperate Journey"
718,"Invisible Agent"
719,"The Navy Comes Through"
720,"One Of Our Aircraft Is Missing"
721,"The War Against Mrs. Hadley"
722,"Watch On The Rhine"
723,"Casablanca"
724,"For Whom The Bell Tolls"
725,"Madame Curie"
726,"The Human Comedy"
727,"The More The Merrier"
728,"The Song Of Bernadette"
729,"Sahara"
730,"The Constant Nymph"
731,"So Proudly We Hail!"
732,"Five Graves To Cairo"
733,"Flight For Freedom"
734,"Mission To Moscow"
735,"The North Star"
736,"Phantom Of The Opera"
737,"The Gang's All Here"
738,"This Is The Army"
739,"Thousands Cheer"
740,"Air Force"
741,"Corvette K-225"
742,"Heaven Can Wait"
743,"Hello, Frisco, Hello"
744,"Lassie Come Home"
745,"Desert Victory"
746,"Baptism Of Fire"
747,"The Battle Of Russia"
748,"Report From The Aleutians"
749,"War Department Report"
750,"December 7Th"
751,"Children Of Mars"
752,"Plan For Destruction"
753,"Swedes In America"
754,"To The People Of The United States"
755,"Tomorrow We Fly"
756,"Youth In Crisis"
757,"The Amazing Mrs. Holliday"
758,"Commandos Strike At Dawn"
759,"The Fallen Sparrow"
760,"Hangmen Also Die"
761,"Hi Diddle Diddle"
762,"In Old Oklahoma"
763,"Johnny Come Lately"
764,"The Kansan"
765,"Lady Of Burlesque"
766,"The Moon And Sixpence"
767,"Victory Through Air Power"
768,"Coney Island"
769,"Hit Parade Of 1943"
770,"Saludos Amigos"
771,"The Sky's The Limit"
772,"Something To Shout About"
773,"Stage Door Canteen"
774,"Star Spangled Rhythm"
775,"Cabin In The Sky"
776,"Hers To Hold"
777,"Thank Your Lucky Stars"
778,"In Which We Serve"
779,"The Ox-Bow Incident"
780,"Yankee Doodle Mouse"
781,"The Dizzy Acrobat"
782,"The 500 Hats Of Bartholomew Cubbins"
783,"Greetings Bait!"
784,"Imagination"
785,"Reason And Emotion"
786,"Amphibious Fighters"
787,"Cavalcade Of Dance With Veloz And Yolanda"
788,"Champions Carry On"
789,"Hollywood In Uniform"
790,"Seeing Hands"
791,"Heavenly Music"
792,"Letter To A Hero"
793,"Mardi Gras"
794,"Women At War"
795,"This Land Is Mine"
796,"Riding High"
797,"So This Is Washington"
798,"Crash Dive"
799,"Bombardier"
800,"Stand By For Action"
801,"Action In The North Atlantic"
802,"Destination Tokyo"
803,"Shadow Of A Doubt"
804,"Princess O'rourke"
805,"Holy Matrimony"
806,"Going My Way"
807,"Gaslight"
808,"None But The Lonely Heart"
809,"Wilson"
810,"The Seventh Cross"
811,"Mr. Skeffington"
812,"Laura"
813,"Since You Went Away"
814,"Mrs. Parkington"
815,"Double Indemnity"
816,"Dragon Seed"
817,"Address Unknown"
818,"The Adventures Of Mark Twain"
819,"Casanova Brown"
820,"No Time For Love"
821,"Step Lively"
822,"The Climax"
823,"Cover Girl"
824,"The Desert Song"
825,"Kismet"
826,"Lady In The Dark"
827,"The Princess And The Pirate"
828,"Lifeboat"
829,"Thirty Seconds Over Tokyo"
830,"The Uninvited"
831,"The White Cliffs Of Dover"
832,"Home In Indiana"
833,"Meet Me In St. Louis"
834,"The Fighting Lady"
835,"Resisting Enemy Interrogation"
836,"With The Marines At Tarawa"
837,"Arturo Toscanini"
838,"New Americans"
839,"Janie"
840,"The Bridge Of San Luis Rey"
841,"Christmas Holiday"
842,"The Fighting Seabees"
843,"The Hairy Ape"
844,"It Happened Tomorrow"
845,"Jack London"
846,"Summer Storm"
847,"Three Russian Girls"
848,"Up In Mabel's Room"
849,"Voice In The Wind"
850,"Woman Of The Town"
851,"Brazil"
852,"Higher And Higher"
853,"Hollywood Canteen"
854,"Irish Eyes Are Smiling"
855,"Knickerbocker Holiday"
856,"Lady, Let's Dance"
857,"The Merry Monahans"
858,"Minstrel Man"
859,"Sensations Of 1945"
860,"Song Of The Open Road"
861,"Up In Arms"
862,"Follow The Boys"
863,"Sweet And Lowdown"
864,"Mouse Trouble"
865,"And To Think I Saw It On Mulberry Street"
866,"Dog, Cat And Canary"
867,"Fish Fry"
868,"How To Play Football"
869,"My Boy Johnny"
870,"Swooner Crooner"
871,"Who's Who In Animal Land"
872,"Blue Grass Gentlemen"
873,"Jammin' The Blues"
874,"Movie Pests"
875,"Screen Snapshots' 50Th Anniversary Of Motion Pictures"
876,"I Won't Play"
877,"Bombalera"
878,"Main Street Today"
879,"His Butler's Sister"
880,"Music In Manhattan"
881,"Days Of Glory"
882,"Secret Command"
883,"The Story Of Dr. Wassell"
884,"A Guy Named Joe"
885,"None Shall Escape"
886,"The Sullivans"
887,"Hail The Conquering Hero"
888,"The Miracle Of Morgan's Creek"
889,"Two Girls And A Sailor"
890,"Wing And A Prayer"
891,"The Lost Weekend"
892,"The Bells Of St. Mary's"
893,"Anchors Aweigh"
894,"The Keys Of The Kingdom"
895,"A Song To Remember"
896,"A Tree Grows In Brooklyn"
897,"Spellbound"
898,"The Corn Is Green"
899,"G. I. Joe"
900,"A Medal For Benny"
901,"Mildred Pierce"
902,"The Valley Of Decision"
903,"Love Letters"
904,"Leave Her To Heaven"
905,"National Velvet"
906,"The Picture Of Dorian Gray"
907,"Blood On The Sun"
908,"Experiment Perilous"
909,"Frenchman's Creek"
910,"San Antonio"
911,"A Thousand And One Nights"
912,"The Spanish Main"
913,"The Southerner"
914,"The True Glory"
915,"The Last Bomb"
916,"Hitler Lives?"
917,"Library Of Congress"
918,"To The Shores Of Iwo Jima"
919,"Objective, Burma!"
920,"Brewster's Millions"
921,"Captain Kidd"
922,"The Enchanted Cottage"
923,"Flame Of Barbary Coast"
924,"G. I. Honeymoon"
925,"Guest In The House"
926,"Guest Wife"
927,"The Man Who Walked Alone"
928,"Paris--Underground"
929,"This Love Of Ours"
930,"The Woman In The Window"
931,"Belle Of The Yukon"
932,"Can't Help Singing"
933,"Hitchhike To Happiness"
934,"Incendiary Blonde"
935,"Rhapsody In Blue"
936,"State Fair"
937,"Sunbonnet Sue"
938,"The Three Caballeros"
939,"Tonight And Every Night"
940,"Why Girls Leave Home"
941,"Wonder Man"
942,"Here Come The Waves"
943,"Earl Carroll Vanities"
944,"Sing Your Way Home"
945,"Quiet Please!"
946,"Donald's Crime"
947,"Jasper And The Beanstalk"
948,"Life With Feathers"
949,"Mighty Mouse In Gypsy Life"
950,"The Poet And Peasant"
951,"Rippling Romance"
952,"Stairway To Light"
953,"Along The Rainbow Trail"
954,"Screen Snapshots' 25Th Anniversary"
955,"Story Of A Dog"
956,"White Rhapsody"
957,"Your National Gallery"
958,"Star In The Night"
959,"A Gun In His Hand"
960,"The Jury Goes Round 'N' Round"
961,"The Little Witch"
962,"Lady On A Train"
963,"They Were Expendable"
964,"Three Is A Family"
965,"The Unseen"
966,"Captain Eddie"
967,"The House On 92Nd Street"
968,"The Affairs Of Susan"
969,"Marie-Louise"
970,"Dillinger"
971,"Music For Millions"
972,"Salty O'rourke"
973,"What Next, Corporal Hargrove?"
974,"Pride Of The Marines"
975,"The Best Years Of Our Lives"
976,"Henry V"
977,"The Jolson Story"
978,"The Yearling"
979,"It's A Wonderful Life"
980,"The Green Years"
981,"Notorious"
982,"The Razor's Edge"
983,"To Each His Own"
984,"Brief Encounter"
985,"Duel In The Sun"
986,"Sister Kenny"
987,"The Spiral Staircase"
988,"Saratoga Trunk"
989,"Anna And The King Of Siam"
990,"Kitty"
991,"Caesar And Cleopatra"
992,"The Killers"
993,"Seeds Of Destiny"
994,"Atomic Power"
995,"Life At The Zoo"
996,"Paramount News Issue #37 (Twentieth Anniversary Issue! 1927.....1947)"
997,"Traffic With The Devil"
998,"Humoresque"
999,"Blue Skies"
1000,"Centennial Summer"
1001,"The Harvey Girls"
1002,"Night And Day"
1003,"The Dolly Sisters"
1004,"Canyon Passage"
1005,"The Cat Concerto"
1006,"Chopin's Musical Moments"
1007,"John Henry And The Inky Poo"
1008,"Squatter's Rights"
1009,"Walky Talky Hawky"
1010,"Facing Your Danger"
1011,"Dive-Hi Champs"
1012,"Golden Horses"
1013,"Smart As A Fox"
1014,"Sure Cures"
1015,"A Boy And His Dog"
1016,"College Queen"
1017,"Hiss And Yell"
1018,"The Luckiest Guy In The World"
1019,"Blithe Spirit"
1020,"A Stolen Life"
1021,"Vacation From Marriage"
1022,"The Dark Mirror"
1023,"The Strange Love Of Martha Ivers"
1024,"The Stranger"
1025,"The Seventh Veil"
1026,"The Blue Dahlia"
1027,"Children Of Paradise"
1028,"Road To Utopia"
1029,"Open City"
1030,"A Double Life"
1031,"Body And Soul"
1032,"Gentleman's Agreement"
1033,"Life With Father"
1034,"Mourning Becomes Electra"
1035,"Miracle On 34Th Street"
1036,"The Farmer's Daughter"
1037,"Ride The Pink Horse"
1038,"Crossfire"
1039,"Kiss Of Death"
1040,"Possessed"
1041,"Smash-Up--The Story Of A Woman"
1042,"The Paradine Case"
1043,"The Egg And I"
1044,"Great Expectations"
1045,"The Foxes Of Harrow"
1046,"Black Narcissus"
1047,"The Ghost And Mrs. Muir"
1048,"Green Dolphin Street"
1049,"Mother Wore Tights"
1050,"The Bishop's Wife"
1051,"Design For Death"
1052,"Journey Into Medicine"
1053,"The World Is Rich"
1054,"First Steps"
1055,"Passport To Nowhere"
1056,"School In The Mailbox"
1057,"Odd Man Out"
1058,"Captain From Castile"
1059,"Forever Amber"
1060,"Fiesta"
1061,"My Wild Irish Rose"
1062,"Road To Rio"
1063,"Song Of The South"
1064,"The Time, The Place And The Girl"
1065,"The Perils Of Pauline"
1066,"Good News"
1067,"Tweetie Pie"
1068,"Chip An' Dale"
1069,"Dr. Jekyll And Mr. Mouse"
1070,"Pluto's Blue Note"
1071,"Tubby The Tuba"
1072,"Good-Bye Miss Turlock"
1073,"Brooklyn, U.S.A."
1074,"Moon Rockets"
1075,"Now You See It"
1076,"So You Want To Be In Pictures"
1077,"Climbing The Matterhorn"
1078,"Champagne For Two"
1079,"Fight Of The Wild Stallions"
1080,"Give Us The Earth"
1081,"A Voice Is Born: The Story Of Niklos Gafni"
1082,"T-Men"
1083,"Unconquered"
1084,"A Cage Of Nightingales"
1085,"It Happened On Fifth Avenue"
1086,"The Bachelor And The Bobby-Soxer"
1087,"Monsieur Verdoux"
1088,"Shoe-Shine"
1089,"Boomerang!"
1090,"Hamlet"
1091,"Johnny Belinda"
1092,"The Search"
1093,"When My Baby Smiles At Me"
1094,"Sitting Pretty"
1095,"The Treasure Of The Sierra Madre"
1096,"Joan Of Arc"
1097,"I Remember Mama"
1098,"The Luck Of The Irish"
1099,"The Snake Pit"
1100,"Sorry"
1101,"Wrong Number"
1102,"Key Largo"
1103,"The Red Shoes"
1104,"The Naked City"
1105,"A Foreign Affair"
1106,"Portrait Of Jennie"
1107,"Green Grass Of Wyoming"
1108,"The Loves Of Carmen"
1109,"The Three Musketeers"
1110,"B. F.'S Daughter"
1111,"The Emperor Waltz"
1112,"The Secret Land"
1113,"The Quiet One"
1114,"Toward Independence"
1115,"Heart To Heart"
1116,"Operation Vittles"
1117,"Red River"
1118,"Easter Parade"
1119,"The Pirate"
1120,"Romance On The High Seas"
1121,"The Paleface"
1122,"Casbah"
1123,"That Lady In Ermine"
1124,"Wet Blanket Policy"
1125,"The Little Orphan"
1126,"Mickey And The Seal"
1127,"Mouse Wreckers"
1128,"Robin Hoodlum"
1129,"Tea For Two Hundred"
1130,"Symphony Of A City"
1131,"Annie Was A Wonder"
1132,"Cinderella Horse"
1133,"So You Want To Be On The Radio"
1134,"You Can't Win"
1135,"Seal Island"
1136,"Calgary Stampede"
1137,"Going To Blazes"
1138,"Samba-Mania"
1139,"Snow Capers"
1140,"Moonrise"
1141,"Deep Waters"
1142,"Louisiana Story"
1143,"All The King's Men"
1144,"Champion"
1145,"Twelve O'clock High"
1146,"The Hasty Heart"
1147,"Sands Of Iwo Jima"
1148,"The Heiress"
1149,"Battleground"
1150,"Pinky"
1151,"My Foolish Heart"
1152,"Edward"
1153,"My Son"
1154,"Come To The Stable"
1155,"Madame Bovary"
1156,"Little Women"
1157,"The Adventures Of Don Juan"
1158,"Saraband"
1159,"Prince Of Foxes"
1160,"She Wore A Yellow Ribbon"
1161,"The Barkleys Of Broadway"
1162,"Jolson Sings Again"
1163,"Sand"
1164,"Mother Is A Freshman"
1165,"A Letter To Three Wives"
1166,"The Fallen Idol"
1167,"Daybreak In Udi"
1168,"Kenji Comes Home"
1169,"A Chance To Live"
1170,"So Much For So Little"
1171,"1848"
1172,"The Rising Tide"
1173,"The Window"
1174,"Beyond The Forest"
1175,"On The Town"
1176,"Look For The Silver Lining"
1177,"Neptune's Daughter"
1178,"It's A Great Feeling"
1179,"So Dear To My Heart"
1180,"For Scent-Imental Reasons"
1181,"Hatch Up Your Troubles"
1182,"The Magic Fluke"
1183,"Toy Tinkers"
1184,"Aquatic House-Party"
1185,"Roller Derby Girl"
1186,"So You Think You're Not Guilty"
1187,"Spills And Chills"
1188,"Water Trix"
1189,"Van Gogh"
1190,"The Boy And The Eagle"
1191,"Chase Of Death"
1192,"The Grass Is Always Greener"
1193,"Snow Carnival"
1194,"Once More, My Darling"
1195,"Mighty Joe Young"
1196,"Tulsa"
1197,"The Stratton Story"
1198,"It Happens Every Spring"
1199,"White Heat"
1200,"The Bicycle Thief"
1201,"Paisan"
1202,"Passport To Pimlico"
1203,"The Quiet One"
1204,"Cyrano De Bergerac"
1205,"The Magnificent Yankee"
1206,"Sunset Blvd."
1207,"Harvey"
1208,"Father Of The Bride"
1209,"All About Eve"
1210,"Broken Arrow"
1211,"Mister 880"
1212,"The Asphalt Jungle"
1213,"Born Yesterday"
1214,"Caged"
1215,"The Red Danube"
1216,"Samson And Delilah"
1217,"Annie Get Your Gun"
1218,"Destination Moon"
1219,"The Third Man"
1220,"The Furies"
1221,"King Solomon's Mines"
1222,"The Flame And The Arrow"
1223,"The Black Rose"
1224,"That Forsyte Woman"
1225,"The Titan: Story Of Michelangelo"
1226,"With These Hands"
1227,"Why Korea?"
1228,"The Fight: Science Against Cancer"
1229,"The Stairs"
1230,"No Sad Songs For Me"
1231,"Cinderella"
1232,"I'll Get By"
1233,"Three Little Words"
1234,"The West Point Story"
1235,"Captain Carey, U.S.A."
1236,"The Toast Of New Orleans"
1237,"Singing Guns"
1238,"Wabash Avenue"
1239,"Gerald Mcboing-Boing"
1240,"Jerry's Cousin"
1241,"Trouble Indemnity"
1242,"Grandad Of Races"
1243,"Blaze Busters"
1244,"Wrong Way Butch"
1245,"In Beaver Valley"
1246,"Grandma Moses"
1247,"My Country 'Tis Of Thee"
1248,"Louisa"
1249,"Our Very Own"
1250,"Trio"
1251,"Panic In The Streets"
1252,"Bitter Rice"
1253,"The Gunfighter"
1254,"Mystery Street"
1255,"When Willie Comes Marching Home"
1256,"Adam's Rib"
1257,"The Men"
1258,"No Way Out"
1259,"The African Queen"
1260,"A Streetcar Named Desire"
1261,"A Place In The Sun"
1262,"Bright Victory"
1263,"Death Of A Salesman"
1264,"Quo Vadis"
1265,"Come Fill The Cup"
1266,"Detective Story"
1267,"The Blue Veil"
1268,"The Mating Season"
1269,"Fourteen Hours"
1270,"House On Telegraph Hill"
1271,"La Ronde"
1272,"Too Young To Kiss"
1273,"An American In Paris"
1274,"David And Bathsheba"
1275,"On The Riviera"
1276,"Tales Of Hoffmann"
1277,"The Frogmen"
1278,"Strangers On A Train"
1279,"Show Boat"
1280,"When Worlds Collide"
1281,"Kind Lady"
1282,"The Model And The Marriage Broker"
1283,"The Mudlark"
1284,"The Great Caruso"
1285,"Kon-Tiki"
1286,"I Was A Communist For The F.B.I."
1287,"Benjy"
1288,"One Who Came Back"
1289,"The Seeing Eye"
1290,"Decision Before Dawn"
1291,"The Well"
1292,"Alice In Wonderland"
1293,"Here Comes The Groom"
1294,"The Strip"
1295,"Golden Girl"
1296,"Royal Wedding"
1297,"Rich, Young And Pretty"
1298,"The Two Mouseketeers"
1299,"Lambert, The Sheepish Lion"
1300,"Rooty Toot Toot"
1301,"World Of Kids"
1302,"Ridin' The Rails"
1303,"The Story Of Time"
1304,"Nature's Half Acre"
1305,"Balzac"
1306,"Danger Under The Sea"
1307,"I Want You"
1308,"Two Tickets To Broadway"
1309,"Seven Days To Noon"
1310,"Bullfighter And The Lady"
1311,"Teresa"
1312,"The Big Carnival"
1313,"Go For Broke!"
1314,"High Noon"
1315,"Viva Zapata!"
1316,"The Bad And The Beautiful"
1317,"Moulin Rouge"
1318,"The Lavender Hill Mob"
1319,"My Cousin Rachel"
1320,"The Big Sky"
1321,"The Quiet Man"
1322,"Sudden Fear"
1323,"Come Back"
1324,"Little Sheba"
1325,"The Star"
1326,"The Member Of The Wedding"
1327,"With A Song In My Heart"
1328,"Singin' In The Rain"
1329,"Carrie"
1330,"Rashomon"
1331,"Hans Christian Andersen"
1332,"The Merry Widow"
1333,"The Snows Of Kilimanjaro"
1334,"Navajo"
1335,"Ivanhoe"
1336,"Million Dollar Mermaid"
1337,"Affair In Trinidad"
1338,"The Greatest Show On Earth"
1339,"Five Fingers"
1340,"The Sea Around Us"
1341,"The Hoaxters"
1342,"Neighbours"
1343,"Devil Take Us"
1344,"The Garden Spider (Epeira Diadema)"
1345,"Man Alive!"
1346,"Come Back, Little Sheba"
1347,"Flat Top"
1348,"Miracle Of Fatima"
1349,"The Thief"
1350,"The Jazz Singer"
1351,"The Medium"
1352,"Son Of Paleface"
1353,"Because You're Mine"
1354,"Just For You"
1355,"Johann Mouse"
1356,"Little Johnny Jet"
1357,"Madeline"
1358,"Pink And Blue Blues"
1359,"Romance Of Transportation"
1360,"Light In The Window: The Art Of Vermeer"
1361,"Athletes Of The Saddle"
1362,"Desert Killer"
1363,"Royal Scotland"
1364,"Water Birds"
1365,"Bridge Of Time"
1366,"Thar She Blows!"
1367,"Breaking The Sound Barrier"
1368,"The Promoter"
1369,"My Son John"
1370,"The Narrow Margin"
1371,"The Pride Of St. Louis"
1372,"The Sniper"
1373,"The Man In The White Suit"
1374,"The Atomic City"
1375,"Pat And Mike"
1376,"Stalag 17"
1377,"Julius Caesar"
1378,"The Robe"
1379,"From Here To Eternity"
1380,"Roman Holiday"
1381,"Shane"
1382,"Lili"
1383,"Mogambo"
1384,"The Moon Is Blue"
1385,"Hondo"
1386,"Torch Song"
1387,"Pickup On South Street"
1388,"Martin Luther"
1389,"The President's Lady"
1390,"Titanic"
1391,"Knights Of The Round Table"
1392,"The Story Of Three Loves"
1393,"Young Bess"
1394,"The Four Poster"
1395,"All The Brothers Were Valiant"
1396,"Beneath The 12-Mile Reef"
1397,"The Actress"
1398,"Dream Wife"
1399,"The Band Wagon"
1400,"Call Me Madam"
1401,"How To Marry A Millionaire"
1402,"The Living Desert"
1403,"The Conquest Of Everest"
1404,"A Queen Is Crowned"
1405,"The Alaskan Eskimo"
1406,"The Living City"
1407,"Operation Blue Jay"
1408,"They Planted A Stone"
1409,"The Word"
1410,"Crazylegs"
1411,"The War Of The Worlds"
1412,"This Is Cinerama"
1413,"Calamity Jane"
1414,"The 5,000 Fingers Of Dr. T"
1415,"Kiss Me Kate"
1416,"Small Town Girl"
1417,"Miss Sadie Thompson"
1418,"The Caddy"
1419,"Toot, Whistle, Plunk And Boom"
1420,"Christopher Crumpet"
1421,"From A To Z-Z-Z-Z"
1422,"Rugged Bear"
1423,"The Tell Tale Heart"
1424,"The Merry Wives Of Windsor Overture"
1425,"Christ Among The Primitives"
1426,"Herring Hunt"
1427,"Joy Of Living"
1428,"Wee Water Wonders"
1429,"Bear Country"
1430,"Ben And Me"
1431,"Return To Glennascaul"
1432,"Vesuvius Express"
1433,"Winter Paradise"
1434,"The Mississippi Gambler"
1435,"Above And Beyond"
1436,"The Captain's Paradise"
1437,"Little Fugitive"
1438,"The Cruel Sea"
1439,"The Desert Rats"
1440,"The Naked Spur"
1441,"Take The High Ground"
1442,"On The Waterfront"
1443,"The Caine Mutiny"
1444,"The Country Girl"
1445,"A Star Is Born"
1446,"Adventures Of Robinson Crusoe"
1447,"The Barefoot Contessa"
1448,"Carmen Jones"
1449,"Sabrina"
1450,"Magnificent Obsession"
1451,"Executive Suite"
1452,"Broken Lance"
1453,"The High And The Mighty"
1454,"Le Plaisir"
1455,"20,000 Leagues Under The Sea"
1456,"Brigadoon"
1457,"Desiree"
1458,"Red Garters"
1459,"Rogue Cop"
1460,"Three Coins In The Fountain"
1461,"The Egyptian"
1462,"Rear Window"
1463,"Seven Brides For Seven Brothers"
1464,"The Silver Chalice"
1465,"The Earrings Of Madame De..."
1466,"Indiscretion Of An American Wife"
1467,"It Should Happen To You"
1468,"Gate Of Hell"
1469,"There's No Business Like Show Business"
1470,"The Vanishing Prairie"
1471,"The Stratford Adventure"
1472,"Thursday's Children"
1473,"Jet Carrier"
1474,"Rembrandt: A Self-Portrait"
1475,"Genevieve"
1476,"The Glenn Miller Story"
1477,"White Christmas"
1478,"Susan Slept Here"
1479,"When Magoo Flew"
1480,"Crazy Mixed Up Pup"
1481,"Pigs Is Pigs"
1482,"Sandy Claws"
1483,"Touché, Pussy Cat"
1484,"This Mechanical Age"
1485,"The First Piano Quartette"
1486,"The Strauss Fantasy"
1487,"A Time Out Of War"
1488,"Beauty And The Bull"
1489,"Siam"
1490,"Hell And High Water"
1491,"Them!"
1492,"Bread, Love And Dreams"
1493,"Forbidden Games"
1494,"Night People"
1495,"Knock On Wood"
1496,"Marty"
1497,"Love Me Or Leave Me"
1498,"East Of Eden"
1499,"The Man With The Golden Arm"
1500,"Bad Day At Black Rock"
1501,"Mister Roberts"
1502,"Trial"
1503,"Rebel Without A Cause"
1504,"Picnic"
1505,"The Rose Tattoo"
1506,"I'll Cry Tomorrow"
1507,"Summertime"
1508,"Love Is A Many-Splendored Thing"
1509,"Interrupted Melody"
1510,"Pete Kelly's Blues"
1511,"Blackboard Jungle"
1512,"Daddy Long Legs"
1513,"Guys And Dolls"
1514,"To Catch A Thief"
1515,"Queen Bee"
1516,"A Man Called Peter"
1517,"Oklahoma!"
1518,"The Pickwick Papers"
1519,"Ugetsu"
1520,"The Virgin Queen"
1521,"Helen Keller In Her Story"
1522,"Heartbreak Ridge"
1523,"Men Against The Arctic"
1524,"The Battle Of Gettysburg"
1525,"The Face Of Lincoln"
1526,"The Bridges At Toko-Ri"
1527,"Battle Cry"
1528,"It's Always Fair Weather"
1529,"The Tender Trap"
1530,"Unchained"
1531,"Speedy Gonzales"
1532,"Good Will To Men"
1533,"The Legend Of Rock-A-Bye Point"
1534,"No Hunting"
1535,"Survival City"
1536,"Gadgets Galore"
1537,"3Rd Ave. El"
1538,"Three Kisses"
1539,"On The Twelfth Day..."
1540,"Switzerland"
1541,"24-Hour Alert"
1542,"Not As A Stranger"
1543,"The Dam Busters"
1544,"The Rains Of Ranchipur"
1545,"The Private War Of Major Benson"
1546,"The Sheep Has Five Legs"
1547,"Strategic Air Command"
1548,"The Court-Martial Of Billy Mitchell"
1549,"Mr. Hulot's Holiday"
1550,"The Seven Little Foys"
1551,"The King And I"
1552,"Giant"
1553,"Lust For Life"
1554,"Richard Iii"
1555,"Bus Stop"
1556,"Friendly Persuasion"
1557,"The Bold And The Brave"
1558,"Written On The Wind"
1559,"Anastasia"
1560,"Baby Doll"
1561,"The Rainmaker"
1562,"The Bad Seed"
1563,"Somebody Up There Likes Me"
1564,"The Magnificent Seven"
1565,"The Proud And Profane"
1566,"The Solid Gold Cadillac"
1567,"Teenage Rebel"
1568,"Around The World In 80 Days"
1569,"The Ten Commandments"
1570,"The Harder They Fall"
1571,"Stagecoach To Fury"
1572,"The Eddy Duchin Story"
1573,"War And Peace"
1574,"The Power And The Prize"
1575,"The Silent World"
1576,"The Naked Eye"
1577,"Where Mountains Float"
1578,"The True Story Of The Civil War"
1579,"A City Decides"
1580,"The Dark Wave"
1581,"The House Without A Name"
1582,"Man In Space"
1583,"The Brave One"
1584,"La Strada"
1585,"The Captain Of Kopenick"
1586,"Gervaise"
1587,"Harp Of Burma"
1588,"Qivitoq"
1589,"Between Heaven And Hell"
1590,"The Best Things In Life Are Free"
1591,"High Society"
1592,"Meet Me In Las Vegas"
1593,"The Man Who Knew Too Much"
1594,"Julie"
1595,"Mister Magoo's Puddle Jumper"
1596,"Gerald Mcboing-Boing On Planet Moo"
1597,"The Jaywalker"
1598,"Crashing The Water Barrier"
1599,"I Never Forget A Face"
1600,"Time Stood Still"
1601,"The Bespoke Overcoat"
1602,"Cow Dog"
1603,"Samoa"
1604,"Forbidden Planet"
1605,"The Proud And The Beautiful"
1606,"Umberto D."
1607,"The Red Balloon"
1608,"The Ladykillers"
1609,"The Bridge On The River Kwai"
1610,"Sayonara"
1611,"A Hatful Of Rain"
1612,"Witness For The Prosecution"
1613,"Wild Is The Wind"
1614,"A Farewell To Arms"
1615,"Peyton Place"
1616,"The Three Faces Of Eve"
1617,"Heaven Knows"
1618,"Mr. Allison"
1619,"Raintree County"
1620,"The Bachelor Party"
1621,"Funny Face"
1622,"Les Girls"
1623,"Pal Joey"
1624,"An Affair To Remember"
1625,"12 Angry Men"
1626,"Albert Schweitzer"
1627,"On The Bowery"
1628,"Torero!"
1629,"Gunfight At The O.K. Corral"
1630,"The Nights Of Cabiria"
1631,"The Devil Came At Night"
1632,"Gates Of Paris"
1633,"Mother India"
1634,"Nine Lives"
1635,"Boy On A Dolphin"
1636,"Perri"
1637,"The Joker Is Wild"
1638,"April Love"
1639,"Tammy And The Bachelor"
1640,"Birds Anonymous"
1641,"One Droopy Knight"
1642,"Tabasco Road"
1643,"Trees And Jamaica Daddy"
1644,"The Truth About Mother Goose"
1645,"The Wetback Hound"
1646,"A Chairy Tale"
1647,"City Of Gold"
1648,"Foothold On Antarctica"
1649,"Portugal"
1650,"The Enemy Below"
1651,"The Spirit Of St. Louis"
1652,"Heaven Knows, Mr. Allison"
1653,"Designing Woman"
1654,"Man Of A Thousand Faces"
1655,"The Tin Star"
1656,"Vitelloni"
1657,"Separate Tables"
1658,"The Defiant Ones"
1659,"Cat On A Hot Tin Roof"
1660,"The Old Man And The Sea"
1661,"The Big Country"
1662,"The Brothers Karamazov"
1663,"Some Came Running"
1664,"Teacher's Pet"
1665,"I Want To Live!"
1666,"Auntie Mame"
1667,"Lonelyhearts"
1668,"Gigi"
1669,"Bell, Book And Candle"
1670,"A Certain Smile"
1671,"Vertigo"
1672,"Desire Under The Elms"
1673,"The Young Lions"
1674,"South Pacific"
1675,"The Buccaneer"
1676,"The Inn Of The Sixth Happiness"
1677,"White Wilderness"
1678,"Antarctic Crossing"
1679,"The Hidden World"
1680,"Psychiatric Nursing"
1681,"Ama Girls"
1682,"Employees Only"
1683,"Journey Into Spring"
1684,"The Living Stone"
1685,"Overture"
1686,"Cowboy"
1687,"My Uncle"
1688,"Arms And The Man"
1689,"La Venganza"
1690,"The Road A Year Long"
1691,"The Usual Unidentified Thieves"
1692,"The Bolshoi Ballet"
1693,"Damn Yankees"
1694,"Mardi Gras"
1695,"Houseboat"
1696,"Marjorie Morningstar"
1697,"Knighty Knight Bugs"
1698,"Paul Bunyan"
1699,"Sidney's Family Tree"
1700,"Grand Canyon"
1701,"The Kiss"
1702,"Snows Of Aorangi"
1703,"T Is For Tumbleweed"
1704,"A Time To Love And A Time To Die"
1705,"Tom Thumb"
1706,"Torpedo Run"
1707,"The Horse's Mouth"
1708,"The Goddess"
1709,"The Sheepman"
1710,"Ben-Hur"
1711,"Room At The Top"
1712,"Some Like It Hot"
1713,"The Last Angry Man"
1714,"Anatomy Of A Murder"
1715,"The Young Philadelphians"
1716,"The Diary Of Anne Frank"
1717,"Pillow Talk"
1718,"The Nun's Story"
1719,"Suddenly"
1720,"Last Summer"
1721,"Imitation Of Life"
1722,"Career"
1723,"Suddenly, Last Summer"
1724,"The Big Fisherman"
1725,"Journey To The Center Of The Earth"
1726,"North By Northwest"
1727,"The Five Pennies"
1728,"Porgy And Bess"
1729,"The Gazebo"
1730,"The Best Of Everything"
1731,"Serengeti Shall Not Die"
1732,"The Race For Space"
1733,"Glass"
1734,"Donald In Mathmagic Land"
1735,"From Generation To Generation"
1736,"On The Beach"
1737,"Black Orpheus"
1738,"The Bridge"
1739,"The Great War"
1740,"Paw"
1741,"The Village On The River"
1742,"Li'l Abner"
1743,"Say One For Me"
1744,"Sleeping Beauty"
1745,"A Hole In The Head"
1746,"The Hanging Tree"
1747,"The Young Land"
1748,"Moonbird"
1749,"Mexicali Shmoes"
1750,"Noah's Ark"
1751,"The Violinist"
1752,"The Golden Fish"
1753,"Between The Tides"
1754,"Mysteries Of The Deep"
1755,"The Running, Jumping And Standing-Still Film"
1756,"Skyscraper"
1757,"Libel!"
1758,"The 400 Blows"
1759,"Operation Petticoat"
1760,"Wild Strawberries"
1761,"Elmer Gantry"
1762,"Sons And Lovers"
1763,"The Apartment"
1764,"The Entertainer"
1765,"Inherit The Wind"
1766,"Spartacus"
1767,"Murder"
1768,"Inc."
1769,"Exodus"
1770,"The Alamo"
1771,"Butterfield 8"
1772,"Sunrise At Campobello"
1773,"The Sundowners"
1774,"Never On Sunday"
1775,"The Dark At The Top Of The Stairs"
1776,"Psycho"
1777,"The Facts Of Life"
1778,"Visit To A Small Planet"
1779,"Cimarron"
1780,"It Started In Naples"
1781,"Pepe"
1782,"The Rise And Fall Of Legs Diamond"
1783,"Seven Thieves"
1784,"The Virgin Spring"
1785,"Can-Can"
1786,"Midnight Lace"
1787,"The Horse With The Flying Tail"
1788,"Rebel In Paradise"
1789,"Giuseppina"
1790,"Beyond Silence"
1791,"A City Called Copenhagen"
1792,"George Grosz' Interregnum"
1793,"Universe"
1794,"Kapo"
1795,"La Vérité"
1796,"Macario"
1797,"The Ninth Circle"
1798,"The Magnificent Seven"
1799,"Song Without End (The Story Of Franz Liszt)"
1800,"Bells Are Ringing"
1801,"Let's Make Love"
1802,"High Time"
1803,"Munro"
1804,"Goliath Ii"
1805,"High Note"
1806,"Mouse And Garden"
1807,"A Place In The Sun"
1808,"Day Of The Painter"
1809,"The Creation Of Woman"
1810,"Islands Of The Sea"
1811,"A Sport Is Born"
1812,"The Time Machine"
1813,"The Last Voyage"
1814,"Tunes Of Glory"
1815,"The Angry Silence"
1816,"Hiroshima, Mon Amour"
1817,"Judgment At Nuremberg"
1818,"Fanny"
1819,"The Hustler"
1820,"The Mark"
1821,"West Side Story"
1822,"Pocketful Of Miracles"
1823,"Two Women"
1824,"Breakfast At Tiffany's"
1825,"Summer And Smoke"
1826,"Splendor In The Grass"
1827,"The Children's Hour"
1828,"The Roman Spring Of Mrs. Stone"
1829,"The Absent Minded Professor"
1830,"La Dolce Vita"
1831,"El Cid"
1832,"Flower Drum Song"
1833,"One, Two, Three"
1834,"A Majority Of One"
1835,"One-Eyed Jacks"
1836,"Claudelle Inglish"
1837,"Yojimbo"
1838,"Babes In Toyland"
1839,"Back Street"
1840,"The Guns Of Navarone"
1841,"Le Ciel Et La Boue (Sky Above And Mud Beneath)"
1842,"La Grande Olimpiade (Olympic Games 1960)"
1843,"Project Hope"
1844,"Breaking The Language Barrier"
1845,"Cradle Of Genius"
1846,"Kahl"
1847,"L'uomo In Grigio (The Man In Gray)"
1848,"The Parent Trap"
1849,"Through A Glass Darkly"
1850,"Harry And The Butler"
1851,"Immortal Love"
1852,"The Important Man"
1853,"Placido"
1854,"Khovanshchina"
1855,"Paris Blues"
1856,"Bachelor In Paradise"
1857,"Town Without Pity"
1858,"Ersatz (The Substitute)"
1859,"Aquamania"
1860,"Beep Prepared"
1861,"Nelly's Folly"
1862,"The Pied Piper Of Guadalupe"
1863,"Seawards The Great Ships"
1864,"Ballon Vole (Play Ball!)"
1865,"The Face Of Jesus"
1866,"Rooftops Of New York"
1867,"Very Nice, Very Nice"
1868,"Ballad Of A Soldier"
1869,"General Della Rovere"
1870,"Lover Come Back"
1871,"To Kill A Mockingbird"
1872,"Birdman Of Alcatraz"
1873,"Days Of Wine And Roses"
1874,"Divorce--Italian Style"
1875,"Lawrence Of Arabia"
1876,"Sweet Bird Of Youth"
1877,"What Ever Happened To Baby Jane?"
1878,"Billy Budd"
1879,"The Miracle Worker"
1880,"Long Day's Journey Into Night"
1881,"The Manchurian Candidate"
1882,"The Longest Day"
1883,"Period Of Adjustment"
1884,"The Pigeon That Took Rome"
1885,"Meredith Willson's The Music Man"
1886,"Mutiny On The Bounty"
1887,"That Touch Of Mink"
1888,"The Wonderful World Of The Brothers Grimm"
1889,"Two For The Seesaw"
1890,"Gypsy"
1891,"Hatari!"
1892,"The Man Who Shot Liberty Valance"
1893,"Phaedra"
1894,"Bon Voyage!"
1895,"My Geisha"
1896,"David And Lisa"
1897,"Black Fox"
1898,"Alvorada (Brazil's Changing Face)"
1899,"Dylan Thomas"
1900,"The John Glenn Story"
1901,"The Road To The Wall"
1902,"Sundays And Cybele"
1903,"Electra"
1904,"The Four Days Of Naples"
1905,"Keeper Of Promises (The Given Word)"
1906,"Tlayucan"
1907,"Freud"
1908,"Taras Bulba"
1909,"Billy Rose's Jumbo"
1910,"Gigot"
1911,"Tender Is The Night"
1912,"Walk On The Wild Side"
1913,"The Hole"
1914,"Icarus Montgolfier Wright"
1915,"Now Hear This"
1916,"Self Defense--For Cowards"
1917,"Symposium On Popular Songs"
1918,"Heureux Anniversaire (Happy Anniversary)"
1919,"Big City Blues"
1920,"The Cadillac"
1921,"The Cliff Dwellers (Formerly Titled |One Plus One|)"
1922,"Pan"
1923,"Lolita"
1924,"Last Year At Marienbad"
1925,"Through A Glass Darkly"
1926,"Lilies Of The Field"
1927,"Tom Jones"
1928,"This Sporting Life"
1929,"Cleopatra"
1930,"Hud"
1931,"Twilight Of Honor"
1932,"Captain Newman"
1933,"M.D."
1934,"The Cardinal"
1935,"The L-Shaped Room"
1936,"Irma La Douce"
1937,"Love With The Proper Stranger"
1938,"The V.I.P.S"
1939,"America America"
1940,"Federico Fellini's 8-1/2"
1941,"Come Blow Your Horn"
1942,"How The West Was Won"
1943,"The Balcony"
1944,"The Caretakers"
1945,"It's A Mad, Mad, Mad, Mad World"
1946,"The Stripper"
1947,"Toys In The Attic"
1948,"Wives And Lovers"
1949,"The Leopard"
1950,"A New Kind Of Love"
1951,"Robert Frost: A Lover's Quarrel With The World"
1952,"Le Maillon Et La Chaine (The Link And The Chain)"
1953,"The Yanks Are Coming"
1954,"Chagall"
1955,"The Five Cities Of June"
1956,"The Spirit Of America"
1957,"Thirty Million Letters"
1958,"To Live Again"
1959,"The Great Escape"
1960,"Knife In The Water"
1961,"Los Tarantos"
1962,"The Red Lanterns"
1963,"Twin Sisters Of Kyoto"
1964,"55 Days At Peking"
1965,"Bye Bye Birdie"
1966,"Sundays And Cybele"
1967,"The Sword In The Stone"
1968,"Papa's Delicate Condition"
1969,"Charade"
1970,"Mondo Cane"
1971,"The Critic"
1972,"Automania 2000"
1973,"The Game (Igra)"
1974,"My Financial Career"
1975,"Pianissimo"
1976,"An Occurrence At Owl Creek Bridge"
1977,"The Concert"
1978,"Home-Made Car"
1979,"Six-Sided Triangle"
1980,"That's Me"
1981,"Captain Newman, M.D."
1982,"A Gathering Of Eagles"
1983,"The Birds"
1984,"The Four Days Of Naples"
1985,"My Fair Lady"
1986,"Becket"
1987,"Zorba The Greek"
1988,"Dr. Strangelove Or: How I Learned To Stop Worrying And Love The Bomb"
1989,"Topkapi"
1990,"Seven Days In May"
1991,"The Best Man"
1992,"Mary Poppins"
1993,"The Pumpkin Eater"
1994,"Marriage Italian Style"
1995,"The Unsinkable Molly Brown"
1996,"Seance On A Wet Afternoon"
1997,"The Chalk Garden"
1998,"The Night Of The Iguana"
1999,"Hush...Hush"
2000,"Sweet Charlotte"
2001,"The Americanization Of Emily"
2002,"Hush...Hush, Sweet Charlotte"
2003,"What A Way To Go!"
2004,"Fate Is The Hunter"
2005,"Cheyenne Autumn"
2006,"A House Is Not A Home"
2007,"Kisses For My President"
2008,"The Visit"
2009,"Jacques-Yves Cousteau's World Without Sun"
2010,"The Finest Hours"
2011,"Four Days In November"
2012,"The Human Dutch"
2013,"Over There, 1914-18"
2014,"Nine From Little Rock"
2015,"Breaking The Habit"
2016,"Children Without"
2017,"Kenojuak"
2018,"140 Days Under The World"
2019,"Father Goose"
2020,"Yesterday, Today And Tomorrow"
2021,"Raven's End"
2022,"Sallah"
2023,"The Umbrellas Of Cherbourg"
2024,"Woman In The Dunes"
2025,"The Fall Of The Roman Empire"
2026,"The Pink Panther"
2027,"A Hard Day's Night"
2028,"Robin And The 7 Hoods"
2029,"Dear Heart"
2030,"Where Love Has Gone"
2031,"The Pink Phink"
2032,"Christmas Cracker"
2033,"How To Avoid Friendship"
2034,"Nudnik #2"
2035,"Casals Conducts: 1964"
2036,"Help! My Snowman's Burning Down"
2037,"The Legend Of Jimmy Blue Eyes"
2038,"Goldfinger"
2039,"The Lively Set"
2040,"7 Faces Of Dr. Lao"
2041,"One Potato, Two Potato"
2042,"The Organizer"
2043,"That Man From Rio"
2044,"Cat Ballou"
2045,"The Spy Who Came In From The Cold"
2046,"Othello"
2047,"The Pawnbroker"
2048,"Ship Of Fools"
2049,"A Thousand Clowns"
2050,"The Flight Of The Phoenix"
2051,"Doctor Zhivago"
2052,"Darling"
2053,"The Sound Of Music"
2054,"The Collector"
2055,"A Patch Of Blue"
2056,"Inside Daisy Clover"
2057,"King Rat"
2058,"The Slender Thread"
2059,"The Agony And The Ecstasy"
2060,"The Greatest Story Ever Told"
2061,"In Harm's Way"
2062,"Morituri"
2063,"The Great Race"
2064,"A Rage To Live"
2065,"Woman In The Dunes"
2066,"The Eleanor Roosevelt Story"
2067,"The Battle Of The Bulge...The Brave Rifles"
2068,"The Forth Road Bridge"
2069,"Let My People Go"
2070,"To Die In Madrid"
2071,"To Be Alive!"
2072,"Mural On Our Street"
2073,"Ouverture"
2074,"Point Of View"
2075,"Yeats Country"
2076,"The Shop On Main Street"
2077,"Blood On The Land"
2078,"Dear John"
2079,"Kwaidan"
2080,"Marriage Italian Style"
2081,"The Umbrellas Of Cherbourg"
2082,"The Pleasure Seekers"
2083,"The Sandpiper"
2084,"What's New Pussycat?"
2085,"The Dot And The Line"
2086,"Clay Or The Origin Of Species"
2087,"The Thieving Magpie (La Gazza Ladra)"
2088,"The Chicken (Le Poulet)"
2089,"Fortress Of Peace"
2090,"Skaterdater"
2091,"Snow"
2092,"Time Piece"
2093,"Shenandoah"
2094,"Von Ryan's Express"
2095,"Thunderball"
2096,"Casanova '70"
2097,"Those Magnificent Men In Their Flying Machines"
2098,"The Train"
2099,"A Man For All Seasons"
2100,"The Russians Are Coming The Russians Are Coming"
2101,"Who's Afraid Of Virginia Woolf?"
2102,"Alfie"
2103,"The Sand Pebbles"
2104,"The Fortune Cookie"
2105,"Georgy Girl"
2106,"A Man And A Woman"
2107,"The Shop On Main Street"
2108,"Morgan!"
2109,"Hawaii"
2110,"You're A Big Boy Now"
2111,"The Gospel According To St. Matthew"
2112,"Is Paris Burning?"
2113,"Mister Buddwing"
2114,"Fantastic Voyage"
2115,"Gambit"
2116,"Juliet Of The Spirits"
2117,"The Oscar"
2118,"Seconds"
2119,"The Professionals"
2120,"Mandragola"
2121,"Blow-Up"
2122,"The War Game"
2123,"The Face Of Genius"
2124,"Helicopter Canada"
2125,"Le Volcan Interdit (The Forbidden Volcano)"
2126,"The Really Big Family"
2127,"A Year Toward Tomorrow"
2128,"Adolescence"
2129,"Cowboy"
2130,"The Odds Against"
2131,"Saint Matthew Passion"
2132,"Grand Prix"
2133,"The Battle Of Algiers"
2134,"Loves Of A Blonde"
2135,"Pharaoh"
2136,"Three"
2137,"Born Free"
2138,"The Bible"
2139,"A Funny Thing Happened On The Way To The Forum"
2140,"Return Of The Seven"
2141,"The Singing Nun"
2142,"Stop The World--I Want To Get Off"
2143,"An American Dream"
2144,"Herb Alpert And The Tijuana Brass Double Feature"
2145,"The Drag"
2146,"The Pink Blueprint"
2147,"Wild Wings"
2148,"Turkey The Bridge"
2149,"The Winning Strain"
2150,"Khartoum"
2151,"The Naked Prey"
2152,"In The Heat Of The Night"
2153,"Bonnie And Clyde"
2154,"The Graduate"
2155,"Cool Hand Luke"
2156,"Guess Who's Coming To Dinner"
2157,"The Dirty Dozen"
2158,"The Whisperers"
2159,"Wait Until Dark"
2160,"Thoroughly Modern Millie"
2161,"Barefoot In The Park"
2162,"Camelot"
2163,"Doctor Dolittle"
2164,"The Taming Of The Shrew"
2165,"In Cold Blood"
2166,"The Happiest Millionaire"
2167,"The Anderson Platoon"
2168,"Festival"
2169,"Harvest"
2170,"A King's Story"
2171,"A Time For Burning"
2172,"The Redwoods"
2173,"Monument To The Dream"
2174,"A Place To Stand"
2175,"See You At The Pillar"
2176,"While I Run This Race"
2177,"Beach Red"
2178,"Closely Watched Trains"
2179,"El Amor Brujo"
2180,"I Even Met Happy Gypsies"
2181,"Live For Life"
2182,"Portrait Of Chieko"
2183,"Far From The Madding Crowd"
2184,"Valley Of The Dolls"
2185,"The Jungle Book"
2186,"Banning"
2187,"Casino Royale"
2188,"The Box"
2189,"Hypothese Beta"
2190,"What On Earth!"
2191,"Paddle To The Sea"
2192,"Sky Over Holland"
2193,"Stop, Look And Listen"
2194,"Tobruk"
2195,"Ulysses"
2196,"Divorce American Style"
2197,"La Guerre Est Finie"
2198,"Two For The Road"
2199,"Charly"
2200,"The Heart Is A Lonely Hunter"
2201,"The Fixer"
2202,"Oliver!"
2203,"The Lion In Winter"
2204,"The Subject Was Roses"
2205,"Faces"
2206,"Star!"
2207,"The Producers"
2208,"Funny Girl"
2209,"Isadora"
2210,"Rachel"
2211,"Rosemary's Baby"
2212,"The Shoes Of The Fisherman"
2213,"2001: A Space Odyssey"
2214,"War And Peace"
2215,"Romeo And Juliet"
2216,"Ice Station Zebra"
2217,"Planet Of The Apes"
2218,"The Battle Of Algiers"
2219,"Journey Into Self"
2220,"A Few Notes On Our Food Problem"
2221,"The Legendary Champions"
2222,"Other Voices"
2223,"Why Man Creates"
2224,"The House That Ananda Built"
2225,"The Revolving Door"
2226,"A Space To Grow"
2227,"A Way Out Of The Wilderness"
2228,"Bullitt"
2229,"The Odd Couple"
2230,"Wild In The Streets"
2231,"The Boys Of Paul Street"
2232,"The Firemen's Ball"
2233,"The Girl With The Pistol"
2234,"Stolen Kisses"
2235,"The Fox"
2236,"The Thomas Crown Affair"
2237,"Finian's Rainbow"
2238,"The Young Girls Of Rochefort"
2239,"Chitty Chitty Bang Bang"
2240,"For Love Of Ivy"
2241,"Rachel, Rachel"
2242,"Winnie The Pooh And The Blustery Day"
2243,"The House That Jack Built"
2244,"The Magic Pear Tree"
2245,"Windy Day"
2246,"Robert Kennedy Remembered"
2247,"The Dove"
2248,"Duo"
2249,"Prelude"
2250,"Hot Millions"
2251,"True Grit"
2252,"Anne Of The Thousand Days"
2253,"Midnight Cowboy"
2254,"Goodbye"
2255,"Mr. Chips"
2256,"They Shoot Horses"
2257,"Don't They?"
2258,"The Reivers"
2259,"Bob & Carol & Ted & Alice"
2260,"Easy Rider"
2261,"The Prime Of Miss Jean Brodie"
2262,"The Sterile Cuckoo"
2263,"The Happy Ending"
2264,"Cactus Flower"
2265,"Last Summer"
2266,"Hello, Dolly!"
2267,"Gaily, Gaily"
2268,"Sweet Charity"
2269,"They Shoot Horses, Don't They?"
2270,"Butch Cassidy And The Sundance Kid"
2271,"Marooned"
2272,"Alice's Restaurant"
2273,"Z"
2274,"Arthur Rubinstein - The Love Of Life"
2275,"Before The Mountain Was Moved"
2276,"In The Year Of The Pig"
2277,"The Olympics In Mexico"
2278,"The Wolf Men"
2279,"Czechoslovakia 1968"
2280,"An Impression Of John Steinbeck: Writer"
2281,"Jenny Is A Good Thing"
2282,"Leo Beuerman"
2283,"The Magic Machines"
2284,"The Secret Of Santa Vittoria"
2285,"Ådalen '31"
2286,"The Battle Of Neretva"
2287,"The Brothers Karamazov"
2288,"My Night At Maud's"
2289,"The Wild Bunch"
2290,"Goodbye, Mr. Chips"
2291,"Paint Your Wagon"
2292,"It's Tough To Be A Bird"
2293,"Of Men And Demons"
2294,"Walking"
2295,"Blake"
2296,"People Soup"
2297,"Krakatoa, East Of Java"
2298,"Goodbye, Columbus"
2299,"The Damned"
